{"cameraMode":{"drawMode":0,"name":"Shaded","section":"Shading Mode"},"sceneLighting":true,"audioPlay":false,"sceneViewState":{"showFog":true,"showMaterialUpdate":false,"showSkybox":true,"showFlares":true,"showImageEffects":true,"showParticleSystems":true},"in2DMode":false,"pivot":{"x":-136.670654296875,"y":-75.68744659423828,"z":79.84931945800781},"rotation":{"x":0.2248515784740448,"y":-0.4479583501815796,"z":0.1174893006682396,"w":0.8573046326637268},"size":25.0012149810791,"orthographic":true}