{"cameraMode":{"drawMode":0,"name":"Shaded","section":"Shading Mode"},"sceneLighting":true,"audioPlay":false,"sceneViewState":{"showFog":true,"showMaterialUpdate":false,"showSkybox":true,"showFlares":true,"showImageEffects":true,"showParticleSystems":true},"in2DMode":false,"pivot":{"x":-2.6773505210876467,"y":0.7417646050453186,"z":-1.1503835916519166},"rotation":{"x":-0.0961926206946373,"y":0.9033302664756775,"z":-0.27973979711532595,"w":-0.31062373518943789},"size":15.92170524597168,"orthographic":false}