{"cameraMode":{"drawMode":0,"name":"Shaded","section":"Shading Mode"},"sceneLighting":true,"audioPlay":false,"sceneViewState":{"showFog":true,"showMaterialUpdate":false,"showSkybox":true,"showFlares":true,"showImageEffects":true,"showParticleSystems":true},"in2DMode":false,"pivot":{"x":-1.1917576789855958,"y":0.471246600151062,"z":-7.226049900054932},"rotation":{"x":-0.10916018486022949,"y":0.8697988986968994,"z":0.22255939245224,"w":0.42661619186401369},"size":1.5115549564361573,"orthographic":false}